trial,n_prev,iterations,od_wait,learning_rate,depth,l2_leaf_reg,random_strength,subsample,min_data_in_leaf,border_count,brier,nbs,auc,logloss,ece,pos_rate,n_samples,n_features,n_cat_features
1,9,750,70,0.09,6,8.0,2.0,1.0,70,256,0.004361115806896382,0.12690167430712895,0.8596971153030026,0.024166804886076414,7.325116051498125e-05,0.005020190481107863,929646,132,18
2,5,1200,50,0.05,8,4.0,1.0,1.0,20,256,0.00434671788069806,0.12978414884204614,0.8605362188970763,0.024094817446068097,0.00012031855467473372,0.005020190481107863,929646,76,10
3,6,1050,80,0.04,7,5.0,0.0,0.9,20,256,0.004336832086562831,0.13176329149493426,0.8590785954785255,0.024123599499383475,0.0001235900480500671,0.005020190481107863,929646,90,12
4,7,750,30,0.03,6,3.0,0.5,0.9,40,256,0.00435969264612135,0.127186592054075,0.860953149007181,0.024162450527637862,0.00012295227164956792,0.005020190481107863,929646,104,14
5,9,1050,80,0.09,6,4.0,1.5,0.6,30,128,0.004341188174662871,0.13089119971954477,0.8598259325013851,0.024054199255827066,8.1850329087721e-05,0.005020190481107863,929646,132,18
6,5,1200,70,0.03,5,4.0,0.0,0.9,60,256,0.004355045475579207,0.12811695873068063,0.8556811634868836,0.024239829312417947,0.00010246740609218465,0.005020190481107863,929646,76,10
7,4,300,40,0.07,5,4.0,1.5,0.9,70,256,0.004355885979818929,0.1279486892150491,0.8610947013379494,0.02410030862563318,0.0001075723988801742,0.005020190481107863,929646,62,8
