trial,n_prev,eta,max_depth,subsample,colsample_bytree,reg_lambda,min_child_weight,num_boost_round,early_stop,gamma,reg_alpha,scale_pos_weight,max_bin,brier,nbs,auc,logloss,ece,pos_rate,n_samples,n_features
1,7,0.2,7,0.9,0.7,0.7,70,100,100,0.82,0.86,75,192,0.016670311856628865,-2.3374076762154865,0.8265268921921306,0.07176409135908872,0.04621850868139453,0.005020190481107863,929646,445
2,4,0.08,10,0.3,0.25,1.1,60,100,100,0.63,0.59,21,64,0.012901457321862764,-1.5828804566262336,0.8455730531398071,0.06739860692497157,0.04722629122565431,0.005020190481107863,929646,256
3,12,0.12,3,1.0,0.65,1.5,150,100,300,0.61,0.46,62,192,0.0450974955212076,-8.02854901725925,0.8561178654135444,0.1779401111856451,0.13485054465129226,0.005020190481107863,929646,760
