trial,n_prev,eta,max_depth,subsample,colsample_bytree,reg_lambda,min_child_weight,num_boost_round,early_stop,gamma,reg_alpha,scale_pos_weight,max_bin,brier,nbs,auc,logloss,ece,pos_rate,n_samples,n_features
1,9,0.06,7,0.8,1.0,2.0,40,500,110,0.2,0.2,1,256,0.00451802157332039,0.09548903405122822,0.8638800451222399,0.02456571505867465,0.00033687747311643033,0.005020190481107863,929646,571
2,7,0.06,5,1.0,0.7,1.5,120,800,60,0.3,0.4,1,128,0.004656281782468366,0.06780924693662005,0.8600808860249123,0.02509417106528345,0.0003604205513402406,0.005020190481107863,929646,445
